<?xml version="1.0" encoding="UTF-8"?>
<project-private xmlns="http://www.netbeans.org/ns/project-private/1">
    <editor-bookmarks xmlns="http://www.netbeans.org/ns/editor-bookmarks/2" lastBookmarkId="0"/>
    <open-files xmlns="http://www.netbeans.org/ns/projectui-open-files/2">
        <group>
            <file>file:/C:/Users/Daark/Documents/GitHub/SubWeb/Public/layouts/menu.php</file>
            <file>file:/C:/Users/Daark/Documents/GitHub/SubWeb/System/Protocols/Usuari_Tenda.php</file>
            <file>file:/C:/Users/Daark/Documents/GitHub/SubWeb/System/Classes/Licitacio.php</file>
            <file>file:/C:/Users/Daark/Documents/GitHub/SubWeb/System/localhost.sql</file>
            <file>file:/C:/Users/Daark/Documents/GitHub/SubWeb/System/Protocols/addpuja.php</file>
        </group>
    </open-files>
</project-private>
